Benchmark,Processor,L1ISize,CPI
CRC32,ARM,2,3.321916535
CRC32,ARM,4,3.321853884
CRC32,ARM,8,3.320668298
CRC32,ARM,16,3.320597052
CRC32,ARM,32,3.320543776
