Benchmark,Processor,L1ISize,CPI
CRC32,X86,2,3.475093313
CRC32,X86,4,3.474157561
CRC32,X86,8,3.473972407
CRC32,X86,16,3.474266456
CRC32,X86,32,3.474087758
