bp_type,system.cpu.numCycles,sim_insts,sim_seconds,system.cpu.dcache.overall_miss_rate::total
BiModeBP,120359010,249571591,0.060180,0.000755
TAGE,107017222,249571591,0.053509,0.000785
MultiperspectivePerceptron8KB,130803123,249571591,0.065402,0.000738
MultiperspectivePerceptron64KB,139834993,249571591,0.069917,0.000692
