bp_type,system.cpu.numCycles,sim_insts,sim_seconds,system.cpu.dcache.overall_miss_rate::total
BiModeBP,286394647,364696464,0.143197,0.000262
TAGE,228702907,364696464,0.114351,0.000277
MultiperspectivePerceptron8KB,317667845,364696464,0.158834,0.000229
MultiperspectivePerceptron64KB,304835605,364696464,0.152418,0.000250
