Benchmark,LineSize,Miss Rate,MissPercent
CRC32,16,0.002789,0.2789
CRC32,32,0.003928,0.3928
CRC32,64,0.007038,0.7038
CRC32,128,0.013567,1.3567
