Benchmark,LineSize,Miss Rate,MissPercent
CRC32,16,0.000005,0.0005
CRC32,32,0.000003,0.0003
CRC32,64,0.000002,0.0002
CRC32,128,0.000001,0.0001
