Benchmark,LineSize,Miss Rate,MissPercent
susan,16,0.000923714,0.0923714
susan,32,0.000841571,0.0841571
susan,64,0.001116857,0.1116857
susan,128,0.001815286,0.1815286
