Benchmark,Processor,L1DSize,CPI
CRC32,ARM,2,3.495258629
CRC32,ARM,4,3.377440197
CRC32,ARM,8,3.298276319
CRC32,ARM,16,3.253569935
CRC32,ARM,32,3.251076272
CRC32,ARM,64,3.251074103
