Benchmark,Processor,L1DSize,CPI
CRC32,X86,2,4.197945454
CRC32,X86,4,3.480852332
CRC32,X86,8,3.342264974
CRC32,X86,16,3.277824413
CRC32,X86,32,3.273504138
CRC32,X86,64,3.273501683
